Date,User Name,Retweeted,Favorite Count,Retweet Count,Tweet Text
2019-05-06 03:46:14,JERamirez,False,0,0,"b'@overbeingnice @Nicoxw1 @mariamaroo 2/ My list, who can beat trump, continue:\n\nJohn Hickenlooper - NO\nJay Inslee -\xe2\x80\xa6 https://t.co/wHTYDxFVpW'"
2019-05-06 00:49:15,Sam Myszkowski,False,0,0,"b'It\xe2\x80\x99s important to include Messam on this list because 1) Miramar, Florida is quite a bit larger than South Bend and\xe2\x80\xa6 https://t.co/qgQgF15aHc'"
2019-05-05 20:06:30,Dr Ed,False,3,0,b'@amehzon_ Also see: Wayne Messam'
2019-05-05 15:35:51,Armando,False,2,0,b'@Patrickesque Wayne Messam. You can say \xe2\x80\x9cmajor\xe2\x80\x9d candidate.'
2019-05-05 04:25:49,Black Politics Today,False,0,0,"b'Don\xe2\x80\x99t Miss Mayor Wayne Messam 2020 Presidential Candidate. Join us Monday, May 6th at 7pm as we discuss Gentrificat\xe2\x80\xa6 https://t.co/7yIk1FxYlr'"
2019-05-05 04:24:38,Jennie Dusheck,False,1,1,"b'@acidsaltydame Amazingly, 10/22 are not white men. You could add Amy Klobuchar, Andrew Yang, Wayne Messam, Tulsi Ga\xe2\x80\xa6 https://t.co/ftUVSMXUJE'"
2019-05-05 04:20:47,ReclaimingALLtheTime!,False,1,0,b'6/ Wayne Messam (FL) \nSeth Moulton (MA)\nBeto O\xe2\x80\x99Rourke (TX)\nTim Ryan (OH)\nBernie Sanders (VT)\nEric Swalwell (CA)\nEli\xe2\x80\xa6 https://t.co/3iP6c9sHAz'
2019-05-05 03:58:59,Knickanator,False,6,0,b'Andrew Yang\nJulian Castro \nJohn Delaney\nCorey Booker \nKamala Harris \nElizabeth Warren\nTulsi Gabbard \nAmy Klobuchar\xe2\x80\xa6 https://t.co/0ej2esRt4d'
2019-05-05 02:51:35,julio teheran will be good,False,4,0,"b'@IAmKrishanPatel @JMilesColeman imagine a date like\n\nher: ""I\'m from Florida""\nyou: ""Yeah? Where in Florida?""\nher: ""Y\xe2\x80\xa6 https://t.co/tkVRmpkIKy'"
2019-05-04 19:45:06,irony_tower,False,0,0,b'@KrangTNelson Wayne Messam briefly played for the Bengals'
2019-05-04 19:19:35,Lana Montalban,False,0,0,"b'Pete Buttigieg,Juli\xc3\xa1n Castro,John Delaney,Tulsi Gabbard,Kirsten Gillibrand,Mike Gravel,Kamala Harris,John Hickenloo\xe2\x80\xa6 https://t.co/rJEbi2Rjoc'"
2019-05-04 13:49:17,John Batchelor,False,2,0,"b'Soon DeBlasio!\n\n\xe2\x80\x9cWayne Messam, the mayor of Miramar, Florida, hopes he\xe2\x80\x99ll also catch lightning in a bottle. The for\xe2\x80\xa6 https://t.co/Akxf6g22gp'"
2019-05-04 13:36:36,Kenton,False,2,0,"b'woah woah woah, why are we all forgetting about Wayne Messam??? https://t.co/mtOJAgUv1F'"
2019-05-04 02:06:58,Bosco,False,7,0,"b""Williamson, Wayne Messam, Klobuchar, Seth Moulton\nJulian Castro, Abrams is a no go.\nFinally there's Gillibrand, Eri\xe2\x80\xa6 https://t.co/Iau3MVmRtt"""
2019-05-03 21:22:26,Timmy Huynh,False,0,0,"b""no b's:\njulian castro\njohn delaney\nkamala harris\njohn hickenlooper\nwayne messam\ntim ryan\neric swalwell\nandrew yang"""
2019-05-03 20:32:28,Slinger,False,0,0,"b""@SteveKornacki @david_darmofal Wayne Messam doesn't count. There's already too many,"""
2019-05-03 20:21:30,Steve Kornacki,False,20,1,"b""Deleted the last tweet because the number, of course, should be *three* for 2020, with Miramar, FL's Wayne Messam (\xe2\x80\xa6 https://t.co/YFAqLf49t9"""
2019-05-03 20:18:58,David Darmofal,False,2,0,b'@SteveKornacki 3: Wayne Messam.'
2019-05-03 19:57:04,Kairo Kitchens,False,7,0,b'@ProSocialWorker @SenSanders When people are paid more the welfare percentages will drop consideranly. If we want m\xe2\x80\xa6 https://t.co/8GXCmEGJu6'
2019-05-03 19:43:45,Ken Harris,False,1,1,b'2020 Presidential Candidate Wayne Messam. https://t.co/y6pS7Vgql8 #NOBCO2019EDC via Whova event app\xe2\x80\xa6 https://t.co/lIFInrsqHF'
2019-05-03 19:30:38,Axelle,False,0,0,b'\xe2\x9c\x85John Delaney \n\xe2\x9c\x85Andrew Yang\n\xe2\x9c\x85Tulsi Gabbard\n\xe2\x9c\x85Juli\xc3\xa1n Castro\n\xe2\x9c\x85Kamala Harris\n\xe2\x9c\x85Marianne Williamson\n\xe2\x9c\x85Cory Booker\n\xe2\x9c\x85Elizabe\xe2\x80\xa6 https://t.co/HIgrPvipTI'
2019-05-03 19:04:43,Tony Lima,False,0,0,"b'@benshapiro @yashar Now 3 Dem mayors in. NYC has become a mess under the groundhog murderer. Wayne Messam (D), the\xe2\x80\xa6 https://t.co/GFVuplCumJ'"
2019-05-03 18:33:04,Ben Jacobs,False,2,0,"b'@aseitzwald Dude, you forgot Wayne Messam'"
2019-05-03 17:41:14,Dan Tuohy,False,0,0,b'Nice detail here about the candidate campaigning without an entourage and hopping into his rental to drive himself.\xe2\x80\xa6 https://t.co/RpweIGa04O'
2019-05-03 16:54:54,NOBCO 1982,False,1,0,b'NOBCO\xe2\x80\x99s Chairman\xe2\x80\x99s Luncheon with speakers Mayor Wayne Messam and Senator Amy Klobuchar #NOBCO2019EDC https://t.co/z4bT903sBQ'
2019-05-03 13:14:55,Andy,False,0,0,b'@cal_m42 ...was it Wayne Messam?'
2019-05-03 12:50:42,Calvin McMahon,False,0,0,b'@trtx84 *Single wayne messam supporter cries*'
2019-05-03 11:36:48,Raymond Dems,False,0,0,"b'\xe2\x80\x9cMichael DiTommaso, treasurer of the Raymond Democrats, helps organize the gatherings. An employee of a nearby lumb\xe2\x80\xa6 https://t.co/HNAssTNqjs'"
2019-05-03 11:29:59,NH Public Radio,False,2,0,"b'In First N.H. Primary Visit, Wayne Messam Plays up Outsider Status: https://t.co/2LolzOdljp  #NHpolitics #FITN https://t.co/1CLzUslsE3'"
2019-05-03 11:15:23,Jeff Gibson,False,0,0,"b'@PatUnleashed Slogan for President: ""No one\'s Messin\' with Wayne Messam!""'"
2019-05-03 11:14:26,"BIDEN-WEINER 2020 ""The Children are OUR Future""",False,3,0,b'Is Wayne Messam Al Rokers underwear dealer? \n\n #PutThatInYourPipe'
2019-05-03 10:28:05,Sherry Frost üçë,False,1,0,b'@griffbos @NHKathySullivan I do.  @RepSwalwell qualified most recently; still yet to hit the mark are Seth Moulton\xe2\x80\xa6 https://t.co/UjAlxhQXRO'
2019-05-03 06:36:43,Andrew Massimino,False,0,0,"b'Latest rankings/power index. Still not in the top 15 are Andrew Yang, Eric Swalwell, Tim Ryan, Tulsi Gabbard, Wayne\xe2\x80\xa6 https://t.co/DpZTpHkpM1'"
2019-05-03 04:08:24,drnik46,False,3,1,"b""Truly found the best way to determine if presidential candidates can run America: What's available in their campaig\xe2\x80\xa6 https://t.co/RMQJzHVD4t"""
2019-05-03 03:36:32,Bernie Bonds,False,0,0,b'@TheoTweetHaver @david_j_roth @joshrkuh I have one after that: Wayne Messam'
2019-05-03 02:42:28,i2America,False,0,0,b'@USATODAY Wayne Messam? Who is he?'
2019-05-03 01:33:25,David Bloom,False,0,0,b'wayne messam also left comments on! https://t.co/btUUbvYdwS'
2019-05-02 23:34:13,Zac Mason,False,6,0,b'The following should not be included in the presidential debates:\n1. Andrew Yang\n2. Marianne Williamson\n3. Wayne Me\xe2\x80\xa6 https://t.co/qQN9eSM2ik'
2019-05-02 23:33:38,Dave Beckford,False,0,0,"b'Mayor Wayne Messam asks for a close look, a fair shake as he campaigns for president\nhttps://t.co/P9rIVAE3fV'"
2019-05-02 23:14:15,Ted Farnen,False,0,0,b'I admit that I had to look up Wayne Messam. https://t.co/w2gmymnr5F'
2019-05-02 22:13:05,WMUR TV,False,1,0,"b'.@WMUR9 #fitn news:  Mayor @WayneMessam asks for a close look, a fair shake as he campaigns for president; Miramar,\xe2\x80\xa6 https://t.co/SFTYg4ZbTM'"
2019-05-02 22:12:39,John DiStaso,False,2,2,"b'.@WMUR9 #fitn news:  Mayor @WayneMessam asks for a close look, a fair shake as he campaigns for president; Miramar,\xe2\x80\xa6 https://t.co/C7iQgDdBIf'"
2019-05-02 22:11:38,WMUR TV,False,1,0,"b'Mayor Wayne Messam asks for a close look, a fair shake as he campaigns for president https://t.co/pqpaJ4NHIR https://t.co/oIBLsYrSZ9'"
2019-05-02 22:08:47,Hunter Woodall,False,1,0,"b'Miramar, Florida Mayor Wayne Messam, a 2020 presidential candidate, is campaigning in New Hampshire tonight. Crowd\xe2\x80\xa6 https://t.co/I3Bkes61o0'"
2019-05-02 20:54:01,Saint Sean üåπ,False,1,1,"b'@philosophrob The 22 Democratic 2020 presidential candidates:\n\nLeftist: Mike Gravel\n\nProgressive: Tulsi Gabbard, Be\xe2\x80\xa6 https://t.co/2qdZ1OJBSg'"
2019-05-02 20:10:53,Lunionsuite,False,2,0,"b""The Haitian American Chamber of Commerce presents its 2nd edition of 'Ayiti Celebrates' on May 5th, at the Miramar\xe2\x80\xa6 https://t.co/iu0Eym3o9K"""
2019-05-02 19:59:26,Aaron Allermann,False,0,0,"b""@NateSilver538 At this point, if you add Wayne Messam in there for 21, we're past capacity for the debate stage. An\xe2\x80\xa6 https://t.co/gRoEaTfasQ"""
2019-05-02 18:14:29,Jeff Glenn,False,0,0,b'Wayne Messam for President.'
2019-05-02 17:40:49,Christian G.B.,False,0,0,b'\xf0\x9f\x94\xb5 Candidatos/as a las primarias dem\xc3\xb3cratas de 2020:\n\nAndrew Yang\nMarianne Williamson\nElizabeth Warren\nEric Swalwell\xe2\x80\xa6 https://t.co/K3hRAaeoIw'
2019-05-02 14:05:54,Tokyo #VoteBlue üá∫üá∏,False,0,0,b'@DLind It\xe2\x80\x99s 22. He\xe2\x80\x99s missing Wayne Messam.'
2019-05-02 14:05:38,Tokyo #VoteBlue üá∫üá∏,False,0,0,b'@ddiamond It\xe2\x80\x99s 22. You\xe2\x80\x99re missing Wayne Messam.'
2019-05-02 12:51:12,Notfor Publicview MD üá∫üá∏,False,0,0,b'@JuddLegum These Dems running for POTUS Ring a vague bell - Seth Moulton: vet? Tim Ryan: Pelosi? Tulsi Gabbard: Syr\xe2\x80\xa6 https://t.co/JiQ517Qz3I'
2019-05-02 12:51:08,ThisWon'tEndWell,False,2,0,"b'@evanoconnell @JuddLegum Wayne Messam, not a serious candidate? How can you say that? He has the right answers to t\xe2\x80\xa6 https://t.co/eK28a8eCrj'"
2019-05-02 12:43:45,Evan O'Connell,False,0,0,"b'@JuddLegum Are you counting people like Wayne Messam and Marianne Williamson, or just serious candidates?'"
2019-05-02 08:47:06,Joyah Love Spangler,False,1,0,b'Wayne Messam is.... I don\xe2\x80\x99t know who but definitely  NOT Tywin Lannister\n\n-Doesn\xe2\x80\x99t seem to like paying debts whethe\xe2\x80\xa6 https://t.co/ZVmrrq9cHA'
2019-05-02 07:56:19,TheValuesVoter,False,3,1,"b'If you consider non-statewide elections, Buttigieg was a Mayor of a major city in Indiana, Tim Ryan is a Congressma\xe2\x80\xa6 https://t.co/vVQbdFfWzt'"
2019-05-02 05:31:10,Cray Cray,False,0,0,b'@Melissa_Spivey Yes. Tulsa for sure. John Delaney no. Hickenlooper no. Seth Moultan can go. Wayne Messam has no cha\xe2\x80\xa6 https://t.co/ArHrM1diEq'
2019-05-02 01:18:40,Michael Apgar üè≥Ô∏è‚Äçüåà,False,273,9,"b'Julian Castro, Mike Gravel, Wayne Messam, Tim Ryan, Marianne Williamson, &amp; Andrew Yang: ""No One Else Is Singing My\xe2\x80\xa6 https://t.co/9TtksM6noc'"
2019-05-01 23:43:28,270soft,False,3,1,"b'New President Infinity v. 3.0.4 sneak-peek for Windows, adds Marianne Williamson, Mike Gravel, and Wayne Messam to\xe2\x80\xa6 https://t.co/7ohGwAeL0q'"
2019-05-01 20:54:54,Tom Wright,False,0,0,"b'All the random white guys, Marianne Williamson, and Wayne Messam will be the hardest to remember.'"
2019-05-01 16:55:53,Pharmboy,False,1,0,"b'If the @DNC had any political stance, we would be separating the wheat from the chaff already. Joe Biden, Bernie Sa\xe2\x80\xa6 https://t.co/A2k8pDU89l'"
2019-05-01 16:49:17,Eddie Konczal,False,0,0,"b""@billjamesonline I don't know Wayne Messam from boo"""
2019-05-01 07:19:05,Ahmet Kƒ±ra√ß,False,0,0,b'All told currently 17 Democrats have qualified for the debates in June. Others may qualify too (such as Mayor Wayne\xe2\x80\xa6 https://t.co/mxqTZ9BJdo'
2019-05-01 04:40:06,Beverly Nelmes,False,0,0,b'A recent CNN poll showed Joe Biden had a 24-point lead over Bernie Sanders. But a closer look shows that CNN delibe\xe2\x80\xa6 https://t.co/FdzaBrcMen'
2019-05-01 04:40:05,Beverly Nelmes,False,0,0,"b'According to Tom Cahill, ""A recent CNN poll showed Joe Biden had a 24-point lead over Bernie Sanders. But a closer\xe2\x80\xa6 https://t.co/SYvsXMCGCm'"
2019-05-01 04:15:56,Rob Pyers,False,3,1,"b""Productive evening for notorious 'PAC Man' Josue LaRose as he passes the 50 new committees mark for the 2020 cycle\xe2\x80\xa6 https://t.co/Vke0KeUbpg"""
2019-05-01 03:56:10,zedster,False,0,0,b'Wayne Messam https://t.co/jCYOOhJDeR'
2019-05-01 03:55:47,Aumone Maison,False,0,0,"b'In this order: Marianne Williamson, Hickenlooper, John Delaney, Tulsi Gabbard, Andrew Yang, Seth Moulton, Wayne Mes\xe2\x80\xa6 https://t.co/adpd957mI3'"
2019-05-01 00:46:50,Lia Matera,False,2,0,"b'Rats! I forgot Tim Ryan and Wayne Messam. I did remember Eric Swalwell, for once. https://t.co/UcKLu6XHvK'"
2019-04-30 22:40:59,history is a lefty conspiracy,False,0,0,b'@daveanthony Who the fuck are Tim Ryan (is Paul Ryan attempting a clever ruse?) and Wayne Messam?'
2019-04-30 21:54:08,Father John Leguizamo,False,0,0,b'@daveanthony Wayne Messam? Are you fucking kidding me?'
2019-04-30 21:37:15,Cathy McAdams Diaz,False,0,0,b'A recent CNN poll showed Joe Biden had a 24-point lead over Bernie Sanders. But a closer look shows that CNN delibe\xe2\x80\xa6 https://t.co/PheUipd89D'
2019-04-30 21:09:27,Jerry Ostergaard,False,0,0,"b""Breakin' it down by the numbers, didn't even know Wayne Messam was even a candidate... https://t.co/i4QpXYNZcz"""
2019-04-30 20:26:44,David S. Bernstein,False,1,0,"b'Subject line of today\'s second press release from Messam campaign, ""Presidential Town Hall With Candidate Mayor Way\xe2\x80\xa6 https://t.co/bd3caEkqXw'"
2019-04-30 20:22:40,Oy with the eye bees already,False,1,0,b'@morley_89 Wayne Messam? Who the hell is that'
2019-04-30 19:45:50,Um Jennah,False,0,0,b'@BernieSanders Part 1  \xe2\x80\x9cA recent CNN poll showed Joe Biden had a 24-point lead over Bernie Sanders. But a closer lo\xe2\x80\xa6 https://t.co/80Uru4EIEu'
2019-04-30 19:17:03,2020 Iowa Caucuses,False,0,0,"b'""What does Washington experience have to do with meeting the needs of the American people?"" Wayne Messam asked in W\xe2\x80\xa6 https://t.co/MHPGTJNUrB'"
2019-04-30 19:04:59,Space Antifa,False,0,0,b'@PatTheBerner also Wayne Messam but not Mike Gravel?'
2019-04-30 18:30:39,Tony,False,16,1,"b'*1 year later*\n\xe2\x80\x9cAt this point, Steve Bullock is just auditioning to be Wayne Messam\xe2\x80\x99s VP, provided Joe Biden\xe2\x80\x99s rece\xe2\x80\xa6 https://t.co/YsR2NczP4a'"
2019-04-30 17:38:13,Jonathan Allen,False,2,0,"b'Strange that this poll appears to have tested Name ID for Biden, Wayne Messam, Tim Ryan some of the others but not\xe2\x80\xa6 https://t.co/jUXNyJVDET'"
2019-04-30 17:37:09,ü•¥,False,1,0,b'Yes:\nPete Buttigieg\nMike gravel\nWayne Messam\nBeto\nTim Ryan\nBernie\nElizabeth warren\nAndrew Yang'
2019-04-30 17:02:08,David S. Bernstein,False,2,0,"b'Just got a press release from the Messam campaign, with subject line\n""Presidential Town Hall With Candidate Mayor W\xe2\x80\xa6 https://t.co/5nQGNkISx1'"
2019-04-30 17:01:50,vbspurs,False,1,0,"b'This is Wayne Messam. Yes, he\xe2\x80\x99s running for the Democrat nomination for President. And his slogan is:\n\n\xe2\x80\x9cYour Champi\xe2\x80\xa6 https://t.co/n6bW2ZDMSV'"
2019-04-30 16:46:15,Des Moines Register,False,1,0,"b'In Iowa, @WayneMessam  says he was the ""first candidate to lead"" on offering a student debt forgiveness plan. https://t.co/IwKWqysFj8'"
2019-04-30 15:51:34,Josh the Pagan,False,11,0,"b'@Statistar30 @CNN They even did it for Eric Swalwell, Wayne Messam, and Tim Ryan. Who the hell are they?'"
2019-04-30 14:40:35,All You Can Eat Buffoon,False,0,0,b'20. Wayne Messam - Jacob\n\n-The actual man behind it all\n-Illusive\n-Works in mysterious ways\n-Reveals himself when t\xe2\x80\xa6 https://t.co/yZ1wpkDelh'
2019-04-30 11:48:26,The General,False,2,0,b'@armandodkos @IanSams Smart enough not to waste my time interviewing Wayne Messam.'
2019-04-30 10:57:43,Leftward Swing üåπüåª,False,59,12,"b""I'm kind of surprised Wayne Messam isn't getting more exposure in his candidacy. He is to the left of Buttigieg ( a\xe2\x80\xa6 https://t.co/X0amoK3xsM"""
2019-04-30 10:26:52,VictoriousOne,False,0,0,"b'@KMR31871 Didn\xe2\x80\x99t Biden just declare himself as a candidate last week ? \nI believe that, coupled with his brand as a\xe2\x80\xa6 https://t.co/EdwDPpKLSb'"
2019-04-30 09:33:43,Scott Ingram,False,0,0,b'@USAloveGOD How about the voters \xe2\x80\x9crepeal\xe2\x80\x9d this LOSER Wayne Messam?! Btw-who in the heck is Wayne Messam? Have never\xe2\x80\xa6 https://t.co/vZk3yRKki3'
2019-04-30 01:18:05,2020 Iowa Caucuses,False,1,1,"b'Wayne Messam, mayor of Miramar, Fla. and declared caucus candidate, holds a town hall on Monday, April 29, 2019, at\xe2\x80\xa6 https://t.co/I6iffAf9mz'"
2019-04-30 01:10:11,Kelsey Kremer,False,7,6,"b'Presidential candidate @WayneMessam was in West Des Moines tonight, photos from his town hall here --&gt;\xe2\x80\xa6 https://t.co/guUR6Rdrts'"
2019-04-30 01:01:03,2020 Iowa Caucuses,False,1,1,"b'Wayne Messam, mayor of Miramar, Fla. and declared caucus candidate, holds a town hall on Monday, April 29, 2019, at\xe2\x80\xa6 https://t.co/jr2vWCIwKE'"
2019-04-30 00:46:08,Bryan Anderson,False,0,0,b'NYT: 16 of 20 Democratic presidential candidates have qualified for the first two debates. Eric Swalwell needs one\xe2\x80\xa6 https://t.co/AHNYtzmoPj'
2019-04-30 00:36:37,Bleeding Heartland,False,3,1,"b'For background on @WayneMessam, see his interview with @armandodkos for @dailykos: https://t.co/5h0u2ZUKJ3 https://t.co/Skfv0i6S4x'"
2019-04-30 00:33:50,Brianne Pfannenstiel,False,20,5,b'Iowans are a unique breed. Wayne Messam spoke for about 20 minutes and then opened it up for questions. The group h\xe2\x80\xa6 https://t.co/9JAZLdzHcF'
2019-04-30 00:12:44,Josiah the Carrot Stick,False,9,0,"b'*2020*\n*Billy Joel starts singing*\nCory Booker, Seth Moulton, Wayne Messam, Tim Ryan\nMichael Bennet, Beto O\xe2\x80\x99Rourke,\xe2\x80\xa6 https://t.co/USFyt9M2oZ'"
2019-04-29 23:32:04,Ben J. Kestenbaum,False,10,0,b'@PopulismUpdates Become a Wayne Messam Stan account'
2019-04-29 23:30:18,JimmyCarter2020,False,0,0,"b'Goddamnit, it\'s supposed to say ""Wayne Messam and Puppet Show"" not the other way around https://t.co/55wgRtxiSo'"
2019-04-29 23:24:58,Krishan Patel,False,2,0,b'@daveweigel Wayne Messam visited the College Democrats at USC.\nhttps://t.co/6YGZD1GLLm'
2019-04-29 23:14:17,Brianne Pfannenstiel,False,17,5,b'2020 presidential candidate Wayne Messam is making his first Iowa appearance tonight at Fox Brewing in West Des Moi\xe2\x80\xa6 https://t.co/FMP1xLhnMC'
2019-04-29 22:20:56,TrumpNeck,False,0,0,b'Race for the #WhiteHouse GOT-style\n13. Andrew Yang - Euron \n14. John Hickenlooper \xe2\x80\x93 Bran Stark\n15. Jay Inslee - Gil\xe2\x80\xa6 https://t.co/0zLBmfo3zh'
2019-04-29 20:03:15,Mario Rossi,False,1,0,"b""@SarahBeckman3 I mean, he's already declared... https://t.co/baYCmQLo7G"""
2019-04-29 19:28:37,Steve,False,0,0,"b'Ok here it is, my ranking of all the Democratic presidential candidates for 2020.\n\n1. Kamala Harris\n2. Pete Buttigi\xe2\x80\xa6 https://t.co/rKT8rxgWZo'"
2019-04-29 17:59:17,kendama gendale,False,0,0,"b'Wayne Messam: he looks like that dude from central casting when someone is like "" hey we need a black president for our disaster movie""'"
2019-04-29 17:44:47,WMUR TV,False,0,4,"b'Reminder: As we reported back on 4/5, Miramar, FL, Mayor @WayneMessam is headed to NH on Thursday - presidential ca\xe2\x80\xa6 https://t.co/4C1TY0WbDQ'"
2019-04-29 17:43:32,John DiStaso,False,2,3,"b'Reminder: As we reported back on 4/5, Miramar, FL, Mayor @WayneMessam is headed to NH on Thursday - presidential ca\xe2\x80\xa6 https://t.co/fAsDC5ESui'"
2019-04-29 17:12:54,DUMP TRUMP,False,0,0,b'Four #Democrats Have Not Yet #Qualified for the #Debates \n\nhttps://t.co/OkJSv7WHtZ\n\n#NYT reports that just 4 offici\xe2\x80\xa6 https://t.co/ovPbJ5XpPI'
2019-04-29 16:40:46,Carl Nyberg,False,2,1,b'* Swalwell 30%\n* Beto 25%\n* Michael Bennet 21%\n* Booker 21%\n* Klobuchar 20%\n* Wayne Messam 18%\n* Biden 17%\n* Tim Ry\xe2\x80\xa6 https://t.co/8qzScEOrOV'
2019-04-29 16:40:19,Tomthunkit‚Ñ¢,False,5,3,b'Florida Mayor Wayne Messam has entered the 2020 race https://t.co/O75oKPPkYS'
2019-04-29 16:06:28,Candance Carlson,False,1,0,"b'@desau_c @TheView No problem. I would love to see Andrew Yang, or the Mayor out of south Florida, Wayne Messam get\xe2\x80\xa6 https://t.co/CfWZKeHJ2b'"
2019-04-29 15:46:36,Shareef,False,0,0,b'@nchiddick79 Wayne Messam he a mayor from Florida.'
2019-04-29 15:18:36,Fox Brewing,False,4,2,b'Fox Brewing is holding a town hall event tonight at 6 PM with presidential candidate Wayne Messam. There will be a\xe2\x80\xa6 https://t.co/n3TSyWAjtx'
2019-04-29 14:55:17,Superman4Revolutionüè¥üö©üïäüåπüåªüê¶üçâüõ†‚úä‚öíüåèüåçüåé ‚í∂,False,1,0,b'@fToRrEeEsSt1 @LauraIsABerner @m_weddle @theberndude @damnpamfromnamm @joanna_alicea @Adampdx @berniewestan\xe2\x80\xa6 https://t.co/hzf4c3fpu8'
2019-04-29 12:27:23,Maureen Gaudet,False,1,0,b'I have been looking over the Democratic candidates.  These are the people I am eliminating:\n\nEric Swalwell\nWayne Me\xe2\x80\xa6 https://t.co/CZKtM1cr7Y'
2019-04-29 12:18:32,Keith Boykin,False,21,13,b'Wayne Messam and Marianne Williamson have not yet qualified for the Democratic presidential debates. I\xe2\x80\x99d like to se\xe2\x80\xa6 https://t.co/GADVbo1GgP'
2019-04-29 07:09:48,Y News,False,0,0,"b'2020 Democratic hopeful wants to forgive $1.5 trillion in student loan debt\n\nMiramar, Florida Mayor Wayne Messam di\xe2\x80\xa6 https://t.co/sOjWwlm5kH'"
2019-04-28 22:35:42,Rohit Puskoor,False,1,0,b'@AFreshPrincess @GabbieKDrice @lynnv378 @JulianCastro He\xe2\x80\x99s already qualified based on polling so as long as no one\xe2\x80\xa6 https://t.co/GEoW4my76r'
2019-04-28 21:59:31,Brian Frederick,False,0,0,b'2020 Dem hopeful Wayne Messam wants to forgive $1.5 trillion in student debt https://t.co/8noKIyKe0h'
2019-04-28 18:07:40,April Spivey,False,0,0,"b'2020 candidates Elizabeth Warren, Wayne Messam address student debt cancellation - ABC News - https://t.co/WwYRuCwNMi via @ABC'"
2019-04-28 17:56:09,Anthony,False,0,1,"b'@FoxNews HEY WAYNE MESSAM. FORGIVE COLLEGE DEBT?  YOU GOING TO GIVE ME BACK THE 100,000 A PAID FOR MY DAUGHTER TO G\xe2\x80\xa6 https://t.co/PNQf6T5a3C'"
2019-04-28 17:54:01,Ra√© üá∫üá∏,False,1,0,"b""WHO in the fk is Mayor Wayne Messam (D)? He's running for President too!! \xf0\x9f\xa4\xa3\n\n#Trump2020 https://t.co/QlX4mURS8i"""
2019-04-28 16:29:05,This Week,False,9,4,b'2020 candidates Elizabeth Warren and Wayne Messam address student debt cancellation https://t.co/1DoeqEQRg2'
2019-04-28 15:44:32,NHL Playoff SZN üëÄ,False,0,0,b'Cory Booker: unlikely but who knows \nWayne Messam: Who?'
2019-04-28 11:48:24,Foxxy Luv ü¶ä,False,0,0,b'When did Wayne Messam announce that he was running?? https://t.co/YI5A7Pc7z8'
2019-04-28 11:32:02,ABC News Politics,False,12,3,b'2020 candidates Elizabeth Warren and Wayne Messam address student debt cancellation https://t.co/LWIOejUDHA'
2019-04-28 08:18:05,üá∫üá∏Channel 1 America,False,0,0,b'ABCNEWS reports 2020 candidates Elizabeth Warren and Wayne Messam address student debt cancellation.\xe2\x80\xa6 https://t.co/Rk5cDHMqQh'
2019-04-28 07:43:19,Marco Mosquera Jensen,False,0,0,b'2020 candidates Elizabeth Warren and Wayne Messam address student debt cancellation. https://t.co/CFB6MVJr1g https://t.co/4EMqLkIQ20'
2019-04-28 07:30:57,ABC News,False,48,19,b'2020 candidates Elizabeth Warren and Wayne Messam address student debt cancellation. https://t.co/Nlb0mbzoCu https://t.co/Zdo9gkwxVp'
2019-04-28 07:00:16,Brought to You,False,0,0,b'2020 candidates Elizabeth Warren and Wayne Messam address student debt cancellation: https://t.co/hNcQRJdZP0 https://t.co/Wsss8wDxyI'
2019-04-28 05:14:15,Anthony Matthew Emersonüåπ,False,3,0,b'14/22 Who the fuck is Wayne Messam'
2019-04-28 03:20:11,oneheadlineaday,False,0,0,"b'2020 candidates Warren, Messam address student debt cancellation https://t.co/0akpHRli68'"
2019-04-28 02:00:45,Global Analytica,False,0,0,b'2020 candidates Elizabeth Warren and Wayne Messam address student debt cancellation. https://t.co/uJpUtzTI1v https://t.co/FDiZCCaNXq'
2019-04-28 01:55:03,ABC News,False,61,20,b'2020 candidates Elizabeth Warren and Wayne Messam address student debt cancellation. https://t.co/6LNuFzetp8 https://t.co/iObKJh3NDM'
2019-04-28 01:40:37,World News Tonight,False,11,3,b'2020 candidates Elizabeth Warren and Wayne Messam address student debt cancellation: https://t.co/13PgiihbJl https://t.co/ElHm24sZ8g'
2019-04-28 00:33:19,Starrchild,False,1,0,b'@808constituent @Fiorella_im also add\n\nEric Swalwell\nSeth Moulton\nWayne Messam'
2019-04-27 22:49:16,Matt Bitz,False,1,0,"b""I'm all for free/reduced price college, but why aren't more candidates talking about the current student loan debt\xe2\x80\xa6 https://t.co/HnPZ5oZQJZ"""
2019-04-27 21:48:54,Carl Nyberg,False,4,0,b'But a debate that includes all the following is too many (12).\n* Stacy Abrams\n* Steve Bullock\n* Tulsi\n* Mike Gravel\xe2\x80\xa6 https://t.co/9yDjEiWili'
2019-04-27 21:41:49,Carl Nyberg,False,3,0,"b'I would pass on Delaney, Hickenlooper and Swalwell, but I would vote to include Tim Ryan in a progressive Dem debat\xe2\x80\xa6 https://t.co/3Ic17oH01Y'"
2019-04-27 21:30:32,izzy üÖ¥,False,3,0,b'Wayne Messam // Kokomo\n- listen i can only do so much when you have a tiny national profile\n- he\xe2\x80\x99s the mayor of a s\xe2\x80\xa6 https://t.co/76zpSn7wKa'
2019-04-27 21:06:55,Carl Nyberg,False,0,0,"b'In addition to Sanders &amp; Warren in a progressive Dem debate, should Wayne Messam &amp; Seth Moulton be included?\nA. yes\xe2\x80\xa6 https://t.co/pzCOj4QelV'"
2019-04-27 20:42:16,Dillon Royal,False,2,1,"b'2020 candidates Warren, Messam address student debt cancellation - ABC News - https://t.co/t6Cg8rn30A via @ABC'"
2019-04-27 18:53:48,"Tha Girl Is A G, WilG",False,27,0,b'Wayne Messam is not getting enough coverage. We have to hear from him in order to make a decision about him. https://t.co/vzHgCCQBlF'
2019-04-27 18:23:45,Geoff Love,False,0,0,"b'2020 candidates Warren, Messam address student debt cancellation - ABC News https://t.co/Bu4UPOXJwz via @GoogleNews'"
2019-04-27 18:05:03,Call Steve Curtisüë´üëç,False,0,0,"b'Via @ABCNews\xf0\x9f\x92\xa5 2020 candidates Warren, Messam address student debt cancellation https://t.co/Uq466lKx1l \xe2\x9c\x94 https://t.co/qcIXZJYnpK'"
2019-04-27 18:02:39,ŒôŒî Alphas,False,15,20,b'Bro. Mayor Wayne Messam is  the first candidate to propose  Student Loan Debt Forgiveness. #Democrats2020\xe2\x80\xa6 https://t.co/Pzxm70XE3w'
2019-04-27 17:57:49,ABC News,False,59,16,b'2020 candidates Elizabeth Warren and Wayne Messam address student debt cancellation. https://t.co/whd0kCEQzP https://t.co/rzfdiBKgSJ'
2019-04-27 17:55:43,"#TheWavePoolParty 6.22.19 Miami, FL",False,5,6,b'Mayor Wayne Messam @WayneMessam is  the first candidate to proposal Student Loan Debt Forgiveness.\xe2\x80\xa6 https://t.co/olmU3DQkEo'
2019-04-27 17:53:47,"#TheWavePoolParty 6.22.19 Miami, FL",False,0,0,b'Mayor Wayne Messam @WayneMessam is  the first candidate to proposal Student Loan Debt Forgiveness. Help him get on\xe2\x80\xa6 https://t.co/ZEES7Y3q0T'
2019-04-27 17:34:02,This Week,False,3,2,b'2020 candidates Elizabeth Warren and Wayne Messam address student debt cancellation. https://t.co/wkd6OVJT5F https://t.co/eKm8QdodpX'
2019-04-27 17:34:01,ABC News Politics,False,13,4,b'2020 candidates Elizabeth Warren and Wayne Messam address student debt cancellation. https://t.co/jcUwNMyy13 https://t.co/vYPKpadFlK'
2019-04-27 17:30:22,MaybeRealNews,False,0,0,"b'2020 candidates warren, messam address prisoner debt cancellation\nhttps://t.co/l0pEwzkmqq'"
2019-04-27 17:07:01,CStan,False,0,0,b'@fairvote Bernie Sanders\nElizabeth Warren\nKamala Harris\nAndrew Yang\nJoe Biden\nPete Buttigieg\nBeto O\xe2\x80\x99Rourke\nTulsi Ga\xe2\x80\xa6 https://t.co/dzmYHkxAcB'
2019-04-27 16:37:15,Tomthunkit‚Ñ¢,False,2,1,b'Florida Mayor Wayne Messam has entered the 2020 race https://t.co/O75oKPPkYS'
2019-04-27 16:29:03,State of Press,False,0,0,"b'2020 candidates Elizabeth Warren, Wayne Messam address student debt\xc2\xa0cancellation https://t.co/YR6HLYuiBp https://t.co/9FIAiQS2hV'"
2019-04-27 15:32:56,Sharon Smith,False,0,0,"b'2020 candidates Warren, Messam address student debt cancellation https://t.co/DPXfdFGn04'"
2019-04-27 15:06:33,F√°bio,False,0,0,"b'2020 candidates Warren, Messam address student debt cancellation https://t.co/j0tnYvMnol https://t.co/5BDFgO1l3j'"
2019-04-27 15:01:42,Real News Reports,False,0,0,"b'2020 candidates Warren, Messam address student debt\xc2\xa0cancellation https://t.co/HbSzpf51k7 https://t.co/s86iBMT1pn'"
2019-04-27 14:53:04,David smith,False,0,0,"b'2020 candidates Elizabeth Warren, Wayne Messam address student debt cancellation - ABC News -  via @ABC\xe2\x80\xa6 https://t.co/U7pyaCtfPS'"
2019-04-27 14:51:12,Minuteman,False,0,0,b'Amy Klobuchar https://t.co/0DyF9hVs9e\n  Wayne Messam  https://t.co/JtwuXzDZfY\n  Seth Moulton\xe2\x80\xa6 https://t.co/dZh3Fb9Rm3'
2019-04-27 14:49:01,Minuteman,False,0,0,b'Jay Inslee for President: https://t.co/HMHGHqKZbQ\n  Amy Klobuchar for President: https://t.co/0DyF9hVs9e\n  Wayne Me\xe2\x80\xa6 https://t.co/y1t6IWEXdo'
2019-04-27 13:49:02,ABC6 News Desk,False,0,0,"b'2020 candidates Warren, Messam address student debt cancellation https://t.co/qtX3lEtugi'"
2019-04-27 13:45:02,Chris Jones,False,0,0,"b""Can't make this up. https://t.co/VXVIEZ3gUT"""
2019-04-27 12:48:34,Running Experts,False,0,0,"b'2020 candidates Warren, Messam address student debt cancellation: The two candidates have made tackling student deb\xe2\x80\xa6 https://t.co/bsyguT3YKD'"
2019-04-27 12:44:05,Patrick,False,0,1,"b'2020 candidates Warren, Messam address student debt cancellation: The two candidates have made tackling student deb\xe2\x80\xa6 https://t.co/KYh4P6ilAP'"
2019-04-27 12:39:13,Gander - Social Media's favourite News Network,False,0,0,"b'2020 candidates Warren, Messam address student debt cancellation https://t.co/0IgPZ1psf6'"
2019-04-27 12:36:17,i network,False,0,0,"b'2020 candidates Warren, Messam address student debt cancellation\nThe two candidates have made tackling student debt\xe2\x80\xa6 https://t.co/kIfrwkHPtV'"
2019-04-27 12:30:06,Am√©rica Hoy,False,0,0,"b'2020 candidates Warren, Messam address student debt cancellation https://t.co/QBKzG85NHu https://t.co/KIB9PWCidr'"
2019-04-27 12:20:10,Lebanon Democrats,False,0,0,b'Thanks again to Mayor Wayne Messam for joining us yesterday evening! Check out https://t.co/B63M74XXVC to learn more.'
2019-04-27 12:06:06,Averi Harper,False,2,2,b'I talked to experts about the feasibility of @ewarren &amp; @WayneMessam\xe2\x80\x99s student debt cancellation plans. MORE: https://t.co/yYQzJudfSy'
2019-04-27 06:33:02,Joe Biden is a Reagan Republican,False,0,0,b'@DIorioNathaniel I swear to god Wayne Messam gotta be some producer for CNN'
2019-04-27 03:33:35,JoeMommaSan,False,0,0,"b'Who I am willing to vote for next year, listed in order of decreasing preference:\n\nElizabeth Warren\nBernie Sanders\xe2\x80\xa6 https://t.co/G0NrAzAzfO'"
